# This file is generated from:
#   https://github.com/crate-ci/typos/blob/v1.33.1/crates/typos-dict/assets/words.csv
# The form is:
# misspelling->suggestion
#
# cspell:locale en-US
#
# Tell cspell to not spell check the misspelled words:
# cspell:ignoreRegExp /\b[\p{L}'-]+->/gmu
#
accurs->accurse,occurs
acendance->ascendance
acendence->ascendence
achiver->achiever
aiplanes->airplanes
airial->aerial
airplance->airplane
airplans->airplanes
algined->alined
alinged->alined
alings->alines,slings
alunimum->aluminum
ambadexterouseness->ambidextrousness
ambadexterousness->ambidextrousness
ambadextrouseness->ambidextrousness
ambadextrousness->ambidextrousness
ambidexterouseness->ambidextrousness
ambidexterousness->ambidextrousness
amealearator->ameliorator
amealiarator->ameliorator
ameelarator->ameliorator
ameeliarator->ameliorator
amelearator->ameliorator
amerliorator->ameliorator
ampatheater->amphitheater
ampatheaters->amphitheaters
amphatheater->amphitheater
amphatheaters->amphitheaters
ampitheater->amphitheater
ampitheaters->amphitheaters
analaog->analog
analig->analog
analize->analyze
analized->analyzed
analizer->analyzer
analizes->analyzes
analizing->analyzing
analye->analyze
analyed->analyzed
analyer->analyzer
analyers->analyzers
analyes->analyses,analyzes,analyze
analyize->analyze
analysze->analyze
analyszing->analyzing
analyzator->analyzer
analyzies->analysis,analyzes
analzer->analyzer
analzye->analyze
analzyed->analyzed
analzyer->analyzer
analzyers->analyzers
analzyes->analyzes
analzying->analyzing
ananlog->analog
anaylze->analyze
anaylzed->analyzed
anaylzer->analyzer
anaylzes->analyzes
anaylzing->analyzing
anestheisa->anesthesia
anesthetia->anesthesia
anesthisia->anesthesia
animore->anymore
anlyze->analyze
anlyzed->analyzed
anlyzing->analyzing
anpatheater->amphitheater
anpatheaters->amphitheaters
anphatheater->amphitheater
anphatheaters->amphitheaters
anphitheater->amphitheater
anphitheaters->amphitheaters
anpitheater->amphitheater
anpitheaters->amphitheaters
anthings->anythings
anthromorphization->anthropomorphization
antipenultimate->antepenultimate
anurism->aneurism
anways->anyway,anyways
anwyays->anyways
anylzing->analyzing
anymoer->anymore
anympore->anymore
anynmore->anymore
anywyas->anyways
anywys->anyways
apaul->appall
apauls->appalls
arcaheology->archeology
archaoelogy->archaeology,archeology
archaology->archeology,archaeology
archeaologist->archeologist
archeaologists->archeologists
archeaology->archeology
ardiuno->arduino
ariplane->airplane
ariplanes->airplanes
armagedons->armageddons
arudino->arduino
asendance->ascendance
asendence->ascendence
atalog->catalog
authos->authors,autos
automibile->automobile
automobilies->automobile
automoblie->automobile
automoblies->automobile
bahavior->behavior
bahavioral->behavioral
bahaviors->behaviors
beacuoup->beaucoup
beahvior->behavior
beaucop->beaucoup
beavior->behavior
beghavior->behavior
beghaviors->behaviors
behabior->behavior
behabiors->behaviors
behaivior->behavior
behaiviuor->behavior
behaivor->behavior
behaivors->behaviors
behaviorial->behavioral
behaviorly->behavioral
behavios->behaviors
behaviro->behavior
behaviuor->behavior
behavoir->behavior
behavoiral->behavioral
behavoirs->behaviors
behavor->behavior
behavoral->behavioral
behavorial->behavioral
behvaior->behavior
behvavior->behavior
bengeing->bingeing
benjer->binger
bettr->better,bettor
blugin->plugin
bolor->color
brancless->branchless
brosed->browsed,rosed
buitin->builtin
buitlin->builtin
bultin->builtin
buro->bureau,burro
buros->bureaus,burros
calaber->caliber
calalog->catalog
calibler->caliber
canceld->canceled
canceleable->cancelable
cancled->canceled
canye->canaille
caraboos->caribous
catloag->catalog
catloaged->cataloged
catloags->catalogs
celitcs->celtics
centenals->centennials,sentinels
centerd->centered
centeres->centers
centerns->centers
cetlics->celtics
chanceled->canceled
chanceling->canceling
cheeots->cheetos
cheetoos->cheetos
chercked->checked,checkered
chisiled->chiseled
chisiling->chiseling
chisled->chiseled
chisling->chiseling
chiziled->chiseled
chiziling->chiseling
chizled->chiseled
chizling->chiseling
chizziled->chiseled
chizziling->chiseling
chizzled->chiseled
chizzling->chiseling
chouse->choose,chose
cigarete->cigarets,cigarette
cigarret->cigaret
cigarrets->cigarets
ciguret->cigaret
cigurets->cigarets
cilents->clients,silents,silence
cimetricly->symmetricly
cimmetricly->symmetricly
clammer->clamber,clamor
cleaneup->cleanup
cleannup->cleanup
cleanp->cleanup
cleanpu->cleanup
cleanpus->cleanups
cleantup->cleanup
cleaup->cleanup
cleaups->cleanups
clenaup->cleanup
clenup->cleanup
clera->clear,sclera
cletics->celtics
clogure->clojure
clonez->clones
cloure->clojure,closure
colered->colored
collender->cullender
collenders->cullenders
collisins->collisions
collisons->collisions,collusion
coloer->color
coloeration->coloration
coloered->colored
coloering->coloring
coloers->colors
coloful->colorful
colorblend->colorblind
colorfull->colorful,colorfully
coloringh->coloring
colorts->colors
coloublind->colorblind
commpand->command
comor->color
complie->compile,complice,complied
conceptification->conceptualization
confunder->confounder
conrtib->contrib
convervable->conservable
convexe->convex,convexes
coorperations->corporations,cooperations
coulor->color
coulored->colored
counceling->counseling
councellors->counsellors
councelor->counselor
councelors->counselors
counciler->councilor
councilers->councils,councilors
counselers->counselors
counsilers->counselors
counsiling->counseling
counsilors->counselors
counsolers->counselors
counsoling->counseling
couseling->counseling
cousnelors->counselors
dailog->dialog
damenor->demeanor
dardenelles->dardanelles
dasporas->diasporas
datatpe->datatype
datatpye->datatype
datattype->datatype
datatye->datatype
datatyep->datatype
datatyepe->datatype
datatyoe->datatype
datatytpe->datatype
dataype->datatype
datyatype->datatype
deamenor->demeanor
decocdings->decodings
decondings->decodings
decordings->decodings
decosings->decodings
decriptions->descriptions,decryptions
deemphesized->deemphasized
defenesless->defenseless
defenselss->defenseless
defensese->defenseless
defind->defined
definded->defined
delgator->delegator
demenaor->demeanor
demenor->demeanor
demphasize->deemphasize
demphasized->deemphasized
dentering->centering
deocdings->decodings
derference->deference
detuschland->deutschland
deuling->dueling
deuplicated->duplicated
deustchland->deutschland
deutch->dutch
deutchsland->deutschland
deutcshland->deutschland
deutschalnd->deutschland
deutschand->deutschland
deutshcland->deutschland
diahrrea->diarrhea
dialag->dialog
dialaog->dialog
dialgo->dialog
dialgos->dialogs
dialgs->dialogs
dialig->dialog
dialigs->dialogs
dialoge->dialogue,dialog
dialoges->dialogs
diarea->diarrhea
diarhea->diarrhea
diarreah->diarrhea
diarreha->diarrhea
diarrheoa->diarrhea
diffences->differences
dilaog->dialog
diolog->dialog
dioreha->diarrhea
dishinored->dishonored
dishoner->dishonored
dishonord->dishonored
dissamblies->disassemblies
dissasemblies->disassemblies
dissassemblies->disassemblies
disssemblies->disassemblies
distorsional->distortional
dlalog->dialog
doalog->dialog
doorjam->doorjamb
driveable->drivable
dueing->doing,during,dueling
duetschland->deutschland
duleing->dueling
easthetics->esthetics
ect->etc
edoema->edema
efetivity->effectivity
emphasisze->emphasize
enameld->enameled
endever->endeavor
endevered->endeavored
endeveres->endeavors
endevering->endeavoring
endevers->endeavors
endevors->endeavors
endien->indian
enrolement->enrollment
enrollement->enrollment
enrollemnt->enrollment
envoker->evoker,invoker
esponding->desponding,responding
etcc->etc
etcp->etc
exectuables->executable
executabled->executable
extens->extends,externs
extermal->external
eyar->year,eyas
eyars->years,eyas
eyasr->years,eyas
facor->favor,faker
facorite->favorite
facorites->favorites
facors->favors,fakers
failsave->failsafe
falvored->flavored
falvors->flavors
farmasudic->pharmaceutic
favorise->favor,favorite
favorit->favorite
favoritisme->favorites
favorits->favorites
favortie->favorite
favorties->favorites
favoruite->favorite
favoruites->favorites
favritt->favorite
filfills->fulfills
filmamkers->filmmakers
filmmakare->filmmakers
filmmakes->filmmakers
firball->fireball
flacor->flavor
flacored->flavored
flacoring->flavoring
flacorings->flavorings
flacors->flavors
flashligt->flashlight
flashligth->flashlight
flavorade->flavored
flavord->flavored
flavores->flavors
flimmakers->filmmakers
formalhaut->fomalhaut
fotografical->photographical
fufill->fulfill
fufills->fulfills
fulfullment->fulfillment
fullfill->fulfill
fullfillment->fulfillment
fullfills->fulfills
fullill->fulfill
furfill->fulfill
futhroc->futhark,futhorc
garnola->granola
gayity->gayety
gibabyte->gigabyte
goddammn->goddamn
goddanm->goddam
goddman->goddamn
godounov->godunov
granolla->granola
grassrooots->grassroots
grassrooters->grassroots
hafltime->halftime
halfitme->halftime
hemmorhage->hemorrhage
hemmorhaged->hemorrhaged
hemmorhages->hemorrhages
hemmorhagic->hemorrhagic
hemmorhaging->hemorrhaging
hemorage->hemorrhage
hemoraged->hemorrhaged
hemorages->hemorrhages
hemoragic->hemorrhagic
hemoraging->hemorrhaging
hesiman->heisman
hiesman->heisman
highschol->highschool
highscholl->highschool
highschoool->highschool
highshcool->highschool
hootsba->hutzpa
hornor->honor,horror
hradwares->hardwares
humer->humor
ilter->filter,liter
implemntors->implementors
implimentor->implementor
indefine->indefinite,undefine
indever->endeavor
indevered->endeavored
indeveres->endeavors
indevering->endeavoring
indevers->endeavors
indien->indian
ineriority->inferiority
initaled->initialed
initaling->initialing
initiales->initials,initializes
initialiye->initialize
instalement->installment
installemnt->installment
installent->installment
installmant->installment
instll->install,instill
instllations->installations
instlls->installs,instills
interents->internets
internest->internets
internetbs->internets
interneters->internets
internetes->internets
internetese->internets
internetest->internets
internetis->internets
internetors->internets
internettes->internets
internetts->internets
internetus->internets
intrenets->internets
ioclt->ioctl
iteratable->iterable
itterable->iterable
jewelrey->jewelry
jewerly->jewelry
jewlery->jewelry
joineable->joinable
jpng->jpeg
keybiding->keybinding
keybidings->keybindings
keybindining->keybinding
keybindnig->keybinding
kighboshed->kiboshed
kighboshing->kiboshing
kilometeres->kilometers
kilometes->kilometers
kilomiters->kilometers
kilomoters->kilometers
kilomteres->kilometers
kimerically->chimerically
kimerrically->chimerically
kyeboshed->kiboshed
kyeboshing->kiboshing
labaled->labeled
labbeled->labeled
labed->labeled
labeld->labeled
labled->labeled
labling->labeling
laborerers->laborers
laboreres->laborers
lackbuster->lackluster
lacklaster->lackluster
lackrimosity->lachrymosity
laf->kaph,lac,lad,lag,laugh,leaf,loaf
laringes->larynxes
larinxes->larynxes
laveled->leveled,labeled
laveling->leveling,labeling
layrinxes->larynxes
levelign->leveling
levleing->leveling
levleling->leveling
lewchemia->leukemia
licencse->license,licenses
liekable->likable
lienups->lineups
lighthearded->lighthearted
lightheared->lighthearted
lighthearthed->lighthearted
lightheated->lighthearted
lineupes->lineups
linueps->lineups
logrithmical->logarithmical
longitme->longtime
longtiem->longtime
loockup->lockup,lookup
luminaces->luminances
macthup->matchup
mairabd->mariadb
mairadb->mariadb
maneuveres->maneuvers
maneuveur->maneuver
maneuveurs->maneuver
maneveur->maneuver
maneveurs->maneuvers
manevuer->maneuver
manoeuverability->maneuverability
manouver->maneuver
manouverability->maneuverability
manouverable->maneuverable
manouvers->maneuvers
manuever->maneuver
manuevers->maneuvers
manuver->maneuver
marevlous->marvelous
mariabd->mariadb
marvelos->marvelous
mathcup->matchup
mathimatic->mathematic
mdoeled->modeled
mdoeling->modeling
membranaphone->membranophone
memcahed->memcached
midotwn->midtown
midtwon->midtown
mililiter->milliliter
milimeter->millimeter
milimeters->millimeters
milimiters->millimeters
millimiter->millimeter
millimiters->millimeters
misdameanor->misdemeanor
misdameanors->misdemeanors
misdeamenor->misdemeanor
misdeamenors->misdemeanor
misdemeaner->misdemeanor
misdemenaor->misdemeanor
misdemenor->misdemeanor
misdemenors->misdemeanors
misdimeanor->misdemeanor
misdomeanor->misdemeanor
mislabaled->mislabeled
mislabled->mislabeled
misquitos->mosquitos
missclassifies->misclassifies
missclassify->misclassify
moddeled->modeled
modelinng->modeling
mustash->mustache
naibhor->neighbor
naibhorhood->neighborhood
naibhorhoods->neighborhoods
naibhorly->neighborly
naibhors->neighbor,neighbors
naibor->neighbor
naiborhood->neighborhood
naiborhoods->neighborhoods
naiborly->neighborly
narling->gnarling,nailing,narking,snarling
narls->earls,gnarls,marls,nails,narks,snarls
natinal->matinal,national
nax->max,nad
naybhor->neighbor
naybhorhood->neighborhood
naybhorhoods->neighborhoods
naybhorly->neighborly
naybor->neighbor
nayborhood->neighborhood
nayborhoods->neighborhoods
nayborly->neighborly
neibor->neighbor
neiborhood->neighborhood
neiborhoods->neighborhoods
neigbhor->neighbor
neigbhorhood->neighborhoods,neighborhood
neigbhorhoods->neighborhoods
neigbor->neighbor
neigborgh->neighbor
neigborhood->neighborhood
neigboring->neighboring
neighbar->neighbor
neighbarhood->neighborhood
neighbarhoods->neighborhoods
neighbaring->neighboring
neighbbor->neighbor
neighbborhood->neighborhood
neighbborhoods->neighborhoods
neighbboring->neighboring
neighbeard->neighborhood
neighbeards->neighborhoods
neighbehood->neighborhood
neighbehoods->neighborhoods
neighbeing->neighboring
neighbeod->neighborhood
neighbeods->neighborhoods
neighbeor->neighbor
neighbeordhood->neighborhood
neighbeordhoods->neighborhoods
neighbeorhod->neighborhood
neighbeorhods->neighborhoods
neighbeorhood->neighborhood
neighbeorhoods->neighborhoods
neighber->neighbor
neighbergh->neighbor
neighberhhod->neighborhood
neighberhhods->neighborhoods
neighberhhood->neighborhood
neighberhhoods->neighborhoods
neighberhing->neighboring
neighberhod->neighborhood
neighberhodd->neighborhood
neighberhodds->neighborhoods
neighberhods->neighborhoods
neighberhood->neighborhood
neighberhooding->neighboring
neighberhoods->neighborhoods
neighberhoof->neighborhood
neighberhoofs->neighborhoods
neighberhoood->neighborhood
neighberhooods->neighborhoods
neighberhoor->neighbor
neighberhoud->neighborhood
neighberhouds->neighborhoods
neighbering->neighboring
neighbet->neighbor
neighbethood->neighborhood
neighbethoods->neighborhoods
neighbhor->neighbor
neighbhorhood->neighborhood
neighbhorhoods->neighborhoods
neighbhoring->neighboring
neighboard->neighborhood
neighboards->neighborhoods
neighbohood->neighborhood
neighbohoods->neighborhoods
neighboing->neighboring
neighbood->neighborhood
neighboods->neighborhoods
neighboor->neighbor
neighboordhood->neighborhood
neighboordhoods->neighborhoods
neighboorhod->neighborhood
neighboorhods->neighborhoods
neighboorhood->neighborhood
neighboorhoods->neighborhoods
neighbooring->neighboring
neighboors->neighbors
neighborehood->neighborhood
neighborgh->neighbor
neighborhhod->neighborhood
neighborhhods->neighborhoods
neighborhhood->neighborhood
neighborhhoods->neighborhoods
neighborhing->neighboring
neighborhod->neighborhood
neighborhodd->neighborhood
neighborhodds->neighborhoods
neighborhods->neighborhoods
neighborhooding->neighboring
neighborhoof->neighborhood
neighborhoofs->neighborhoods
neighborhoood->neighborhoods,neighborhood
neighborhooods->neighborhoods
neighborhoor->neighbor
neighborhoud->neighborhood
neighborhouds->neighborhoods
neighbot->neighbor
neighbothood->neighborhood
neighbothoods->neighborhoods
neighbr->neighbor
neighbrohood->neighborhoods
neighbur->neighbor
neighburhood->neighborhood
neighburhoods->neighborhoods
neighburing->neighboring
neighobr->neighbor
neighobrhood->neighborhood
neighobrhoods->neighborhoods
neighobring->neighboring
neighor->neighbor
neighorhood->neighborhood
neighorhoods->neighborhoods
neighoring->neighboring
neighror->neighbor
neighrorhood->neighborhood
neighrorhoods->neighborhoods
neighroring->neighboring
neightbor->neighbor
neightborhood->neighborhood
neightborhoods->neighborhoods
neightboring->neighboring
neightobr->neighbor
neightobrhood->neighborhood
neightobrhoods->neighborhoods
neightobring->neighboring
neratively->negatively
nervanic->nirvanic
nieghbor->neighbor
nieghborhood->neighborhood
nieghborhoods->neighborhoods
nieghboring->neighboring
nighbor->neighbor
nighborhood->neighborhood
nighboring->neighboring
noexistent->nonexistent
nonexistance->nonexistence
nonexistant->nonexistent
nonexisted->nonexistent
nonnegarive->nonnegative
oaker->baker,faker,laker,maker,oaken,ocher,taker
oakereous->ocherous
oakerous->ocherous
oakery->ochery
oder->order,odor,older
offens->offend,offends,offense,offers
offfense->offense
offfenses->offenses
offsense->offense
offsenses->offenses
optimation->optimization
optimiation->optimization
optimice->optimize
optimiced->optimized
optimier->optimizer
optimitations->optimizations
overzealisly->overzealously
overzealosly->overzealously
overzealusly->overzealously
overzelisly->overzealously
overzelosly->overzealously
overzelously->overzealously
overzelusly->overzealously
paleolitic->paleolithic
palyoffs->playoffs
paralzyed->paralyzed
parametetrized->parameterized
parametized->parameterized
paramnetrized->parameterized
paramterization->parametrization,parameterization
paramterize->parameterize
paramterized->parameterized
paraneterized->parameterized
paranetrized->parameterized
paraylzed->paralyzed
passerbys->passersby
passhtrough->passthrough
passthough->passthrough
passthrought->passthrough
passthruogh->passthrough
passtrough->passthrough
pedohpile->pedophile
pedohpiles->pedophiles
pedohpilia->pedophilia
pedophila->pedophilia
pedophilac->pedophilia
pedophilea->pedophilia
pedophilie->pedophile
pedophilies->pedophile
pedophilla->pedophilia
pedophille->pedophile
pedophilles->pedophile
pedophils->pedophiles
pedopholia->pedophilia
peodphile->pedophile
peodphiles->pedophiles
peodphilia->pedophilia
phlemy->phlegmy
photografical->photographical
photograpical->photographical
pigen->pigeon,pigpen
pigens->pigeons,pigpens
pincher->pinscher
pipeling->pipelining,pipeline
pipelinining->pipelining
pitmap->bitmap
playofs->playoffs
plguin->plugin
pluggin->plugin
pluging->plugging,plugin
plugings->plugins
pluginss->plugins
plugion->plugin
plugun->plugin
pluign->plugin
pluigns->plugins
poperee->potpourri
popoup->popup
poppup->popup
posion->poison,position
postgress->postgresql
postgressql->postgresql
postgrsql->postgresql
postpocessing->postprocessing
postproccessing->postprocessing
postprocesing->postprocessing
potpurri->potpourri
practie->practice
precalulated->precalculated
preexising->preexisting
preexisiting->preexisting
prefence->preference,presence
prelease->prerelease
premeptively->preemptively
premillenial->premillennial
preminence->preeminence
premption->preemption
premptive->preemptive
premptively->preemptively
pretene->pretense
pretensje->pretense
prexied->prefixed
prexisting->preexisting
progamed->programed
progamer->programer
progamers->programers
programd->programed
prostprocessing->postprocessing
proteen->preteen,protean,protein
puhsups->pushups
pushpus->pushups
qubic->cubic
randomes->randoms
randomns->randoms
randomrs->randoms
randomus->randoms
raquetball->racquetball
readed->read,readd
reaise->raise
reassocation->reassociation
reassocition->reassociation
recendable->rescindable
recocnisable->reconcilable
recogniced->recognized
recognzied->recognized
recomputaion->recomputation
recun->reckon,recon,recur
recuning->reckoning,recusing,retuning
redliens->redlines
redneckers->rednecks
redneckese->rednecks
redneckest->rednecks
reentant->reentrant
regax->regex
reguarlizer->regularizer
regularlizer->regularizer
relect->reelect,reflect
relected->reelected,reflected
releection->reelection
relyes->relies,realize
renegatiotiator->renegotiator
renegoatiator->renegotiator
renegoator->renegotiator
renegociator->renegotiator
renegogtiator->renegotiator
renegoitator->renegotiator
renegoptionsotiator->renegotiator
renegosiator->renegotiator
renegotaiator->renegotiator
renegotaitor->renegotiator
renegotatiator->renegotiator
renegotatior->renegotiator
renegotator->renegotiator
renegothiator->renegotiator
renegoticator->renegotiator
renegotioator->renegotiator
renegotionator->renegotiator
renegotiotator->renegotiator
renegotiotor->renegotiator
renegotitaor->renegotiator
renegotitator->renegotiator
renegotitor->renegotiator
renegoziator->renegotiator
repare->repair
reparing->repairing
replacaiblity->replicability
repostes->ripostes
reregisteration->reregistration
rerelase->rerelease
ressociation->reassociation
resurse->resource
retranser->retransfer
retransferd->retransferred
retransfered->retransferred
retransfering->retransferring
retransferrd->retransferred
retransfert->retransfer,retransferred
rewriable->reliable
ritable->writable
rittler->rattler,riddler
rolepalying->roleplaying
roleplaing->roleplaying
rollarcoaster->rollercoaster
rollercaoster->rollercoaster
rollercoaser->rollercoaster
rollercoater->rollercoaster
rollercoaters->rollercoaster
rollercoatser->rollercoaster
rollerocaster->rollercoaster
rollertoaster->rollercoaster
rollorcoaster->rollercoaster
roomate->roommate
roomates->roommates
roundtip->roundtrip
roundtripp->roundtrip
rountrip->roundtrip
rumorus->rumors
rumuors->rumors
scatchpad->scratchpad
schems->schemes
scourcer->scourer,sorcerer
scpeter->scepter
sctional->sectional,suctional
secpter->scepter
seeged->sieged
seeging->sieging
segault->segfault
segaults->segfaults
segfualt->segfault
segfualts->segfaults
segwaying->segueing
sematical->semantical
sepina->subpena
shaprie->sharpie
sharipe->sharpie
shatows->châteaux,shadows
sheck->check,shuck
shecked->checked,shucked
shecker->checker,shucker
shecking->checking,shucking
shecks->checks,shucks
siezable->sizable
sigaled->signaled
sigfault->segfault
signabl->signable,signal
siguret->cigaret
sigurets->cigarets
simetricly->symmetricly
simmetricly->symmetricly
sinagog->synagog
sinagogs->synagogs
singaled->signaled
singeled->singled,signaled
singoled->signaled,singled
singooled->singled,signaled
sinnagog->synagog
sinnagogs->synagogs
sirvayled->surveiled
sirvayling->surveiling
sistemics->systemics
situationly->situational
sizeble->sizable,sizeable
skepitcal->skeptical
skeptecism->skepticism
skepticals->skeptics
skepticim->skepticism
skepticisim->skepticism
skepticles->skeptics
skepticons->skeptics
skeptis->skeptics
skeptisicm->skepticism
skeptisism->skepticism
sketpic->skeptic
sketpical->skeptical
sketpicism->skepticism
sketpics->skeptics
skillfull->skillful,skillfully
skillfullness->skillfulness
skpetic->skeptic
skpeticism->skepticism
skpetics->skeptics
slidseshow->slideshow
sliseshow->slideshow
soemthings->somethings
sofmore->sophomore
sofmores->sophomores
sofomore->sophomore
sofomores->sophomores
sohpomore->sophomore
somehtings->somethings
someoens->someones
someoneis->someones
someonelse->someones
someons->someones
somethigns->somethings
somethinbg->somethings
somethines->somethings
somethinfg->somethings
somethingest->somethings
somethingis->somethings
somethinhg->somethings
somethinig->somethings
somethinkg->somethings
somethinks->somethings
somethinmg->somethings
somethinng->somethings
somethins->somethings
somethintg->somethings
somethis->somethings
sometrings->somethings
somoenes->someones
sophmore->sophomore
sophmores->sophomores
sopohmore->sophomore
sourbraten->sauerbraten
sourcelss->sourceless
spalsher->splasher
specailty->specialty
specialiced->specialized
speciatly->specialty
specktor->specter
stanalone->standalone
standalonw->standalone
standalown->standalone
standlone->standalone
statndalone->standalone
stratchpad->scratchpad
supeblock->superblock
superbock->superblock
surbert->sherbert
surkarta->surakarta
syndonic->syntonic
tabbaray->taboret
tahnkyou->thankyou
taveled->traveled
taveling->traveling
teatotaler->teetotaler
teatotalers->teetotalers
teatotler->teetotaler
teatotlers->teetotalers
teetotler->teetotaler
teetotlers->teetotalers
thankyooou->thankyou
thankyoou->thankyou
thankyu->thankyou
theather->theater
themselfe->themselves
themselve->themselves
therefoer->therefor
therefour->therefor
thnakyou->thankyou
threefor->therefor
throu->thru
thrue->thru
tich->thick,tick,titch,stitch
tidibt->tidbit
tidibts->tidbits
timestanp->timestamp
timestanps->timestamps
timzeone->timezone
timzeones->timezones
timzezone->timezone
timzezones->timezones
trailling->trailing,trilling
traled->traced,traded,trailed,traveled,trawled,trialed
traling->trailing,trialing,tracing,trading,traveling,trawling
tralled->trailed,trawled,trilled,trolled
tralling->thralling,trailing,trilling,trolling
tranverser->traverser
travaler->traveler
traveld->traveled
traveleres->travelers
travelodge->traveled
travling->traveling
treadet->treated,threaded,treaded
trealing->trailing,trialing
triscadecafobia->triskaidekaphobia
triscadecaphobia->triskaidekaphobia
triscaidecafobia->triskaidekaphobia
triscaidecaphobia->triskaidekaphobia
triscaidekafobia->triskaidekaphobia
triscaidekaphobia->triskaidekaphobia
triskadecafobia->triskaidekaphobia
triskadecaphobia->triskaidekaphobia
triskadekafobia->triskaidekaphobia
triskadekaphobia->triskaidekaphobia
troosos->trousseaus,trousseaux
troossos->trousseaus,trousseaux
troubeshooted->troubleshooted
typcasts->typecasts
udno->undo
unaccesible->unaccessible,inaccessible
uncatalogued->uncataloged
undefien->undefine
underrrun->underrun
underun->underrun
underuns->underruns
undfine->undefine
uninfroming->uniforming
uninstalable->uninstallable
unintented->unintended
unlabled->unlabeled
unmanouverable->unmaneuverable
unoperational->nonoperational
unparseable->unparsable
unpplied->unapplied
unreplacable->unreplaceable
unreplacalbe->unreplaceable
unsatifiable->unsatisfiable
unsatisifiable->unsatisfiable
unshfiting->unshifting
unstallation->installation
ureferenced->referenced
varmit->varmint
varmits->varmints
virtualiation->virtualization
visheator->vitiator
visheators->vitiators
wahts->whats
wakeus->walrus
waritable->writable
warpper->warper,wrapper
warpprer->warper,wrapper
warumup->warmup
waths->whats,watches
whatepsace->whitespace
whishlist->wishlist
whislist->wishlist
whispace->whitespace
whitepace->whitespace
whitepsace->whitespace
whitespcae->whitespace
whitout->without,whiteout
whitrespace->whitespace
whitspace->whitespace
whitspaces->whitespace
willfullly->willfully
willfuly->willfully
windhsield->windshield
windsheild->windshield
windsheilds->windshield
windshied->windshield
windshiled->windshield
wirtable->writable,writeable
wishlisht->wishlist
wishlit->wishlist
wishlsit->wishlist
witespace->whitespace
wolrdview->worldview
wordlview->worldview
worhsiping->worshiping
worldivew->worldview
worldveiw->worldview
worshoping->worshiping
writabe->writable
writeble->writable
writtable->writable
xode->code
yementite->yemenite,yemeni
ziper->zipper
